"","m2.coefficients"
"(Intercept)",-1.19774479548434
"`SER58-GLU359`",-0.263971657841955
"`THR105-ASP368`",-0.107791119052388
"`ARG106-ASP368`",-0.346665704546776
"`TYR107-ASP367`",0.311027063749048
"`ARG109-ASP374`",0.0887729794961613
"`ARG109-THR373`",-0.483939708743116
"`ASN110-GLU379`",0.144842640224864
"`ILE114-ASN380`",1.1080418304955
"`LYS143-ASP412`",-0.606272817812101
"`ALA348-PHE370`",0.213419402310977
"`ASP351-SER357`",0.387864996007181
"`ASN353-ASP351`",0.818502133453707
"`GLU359-ASP349`",-0.0625230754983154
"`TYR364-PRO361`",-0.112235119627956
"`ILE371-ASP367`",0.0873230726239974
"`ASP374-THR344`",0.394042371607476
"`ILE375-GLY363`",-0.150205197057771
"`GLU379-ASP376`",0.278980615644279
"`ASN380-ASP376`",-0.303029899564442
"`ASN380-ILE114`",0.0314611275525516
"`ASN380-GLY381`",0.0674092119869636
"`GLY381-GLU377`",0.33618019650716
"`VAL387-ILE398`",0.0663617350340763
"`LEU391-THR394`",-0.0947099050910737
"`GLY393-ASP374`",0.0593653287070719
"`PHE395-THR394`",-0.0415533033561288
"`CYS399-ALA406`",-0.777961671317887
"`ALA406-CYS399`",-0.472632965726416
"`LYS57-GLU362`",-0.202096104975212
"`GLY369-ASP368`",0.106690777789977
"`ASP376-TYR107`",0.171084028287883
"`PHE383-GLY381`",0.0170890017532791
"`ASP402-ASP402`",0.00441560756780561
"`ARG106-ASP367`",-0.245917442058081
"`LYS143-GLY382`",-0.00883609934256133
"`ASP349-GLU359`",-0.277409752125927
"`THR354-ASP351`",0.308652781445019
"`HIS408-ASP412`",-0.00497391762854524
"`GLN60-TYR364`",-0.27208056795828
"`ASN390-ASP376`",-0.287511715730451
"`LYS113-GLU379`",0.264379299285731
"`ALA404-PRO401`",-1.16850636343151
"`ARG109-ASP376`",0.59915689339046
"`LEU405-PRO401`",-0.0596965937562751
"`ASP412-THR411`",-0.0110233365277722
"`PHE370-ASP367`",0.111658122408985
"`ARG109-ASP367`",0.483781314148077
"`GLY400-ALA406`",0.134130229606583
"`SER357-GLU61`",0.154385261036865
"`ALA406-ASP402`",0.186539106961312
