Res_A, Res_B, Corr
PHE15, TRP184, 0.416491
GLU16, TRP184, 0.569115
GLU16, THR185, 0.478471
LYS17, TRP86, -0.407773
LYS17, ASP87, -0.429754
LYS17, TRP184, 0.547080
LYS17, THR185, 0.497718
LYS17, ALA186, 0.431381
LYS18, ASP87, -0.429538
LYS18, ASN89, -0.420198
LYS18, TRP184, 0.414719
LYS18, THR185, 0.411475
SER19, ASP87, -0.422342
SER19, TRP184, 0.463613
SER19, THR185, 0.448053
SER19, ALA186, 0.410893
GLU21, TRP184, 0.513908
GLU21, THR185, 0.492732
GLU21, ALA186, 0.446011
ASP22, GLU182, 0.402280
ASP22, GLY234, -0.437459
LYS23, ALA236, -0.408613
GLU27, ALA236, -0.406486
GLU27, ASP268, -0.427744
ALA77, TYR83, -0.402701
ALA78, TYR83, -0.474757
ALA78, LYS88, -0.440330
HIS79, TYR83, -0.444493
HIS79, PRO85, -0.453819
HIS79, TRP86, -0.512658
HIS79, ASP87, -0.457642
HIS79, LYS88, -0.561676
HIS79, THR277, -0.444951
CYS80, TYR83, -0.404977
CYS80, TRP86, -0.421876
CYS80, LYS88, -0.471602
CYS80, THR277, -0.409328
LEU81, TYR83, -0.404340
LEU81, LYS88, -0.437615
LEU82, TRP86, -0.456005
LEU82, ASP87, -0.535963
LEU82, LYS88, -0.644170
LEU82, ASN89, -0.501305
LEU82, THR277, -0.415739
TYR83, ASP87, -0.715187
TYR83, LYS88, -0.653305
TYR83, ASN89, -0.610668
TYR83, ILE122, -0.439750
TYR83, TYR126, -0.558772
TYR83, ASN127, -0.633736
TYR83, TRP128, -0.721381
TYR83, ARG129, -0.453080
TYR83, GLU130, -0.462467
TYR83, ASN131, -0.603983
TYR83, LEU132, -0.716905
TYR83, ASP133, -0.591041
TYR83, ASP135, -0.451146
TYR83, THR183, 0.405481
TYR83, THR185, 0.406247
TYR83, ASN187, 0.434034
PRO84, TRP86, -0.443193
PRO84, ASP87, -0.550072
PRO84, LYS88, -0.678093
PRO84, ASN89, -0.459269
PRO85, TYR126, -0.455542
PRO85, ASN127, -0.543152
PRO85, TRP128, -0.618492
PRO85, ARG129, -0.445076
PRO85, ASN131, -0.412082
PRO85, LEU132, -0.511165
TRP86, TYR126, -0.420499
TRP86, ASN127, -0.551221
TRP86, TRP128, -0.638473
TRP86, ARG129, -0.531354
TRP86, LEU132, -0.435025
TRP86, ASP135, -0.470490
ASP87, THR91, -0.423760
ASP87, TRP128, -0.416131
ASP87, ARG129, -0.476335
LYS88, ASP94, -0.424506
LYS88, TYR126, -0.421887
LYS88, ASN127, -0.576703
LYS88, TRP128, -0.646557
LYS88, ARG129, -0.543699
LYS88, ASP135, -0.486463
LYS88, ILE136, -0.404087
ASN89, THR91, -0.417983
ASN89, ASN127, -0.407786
ASN89, TRP128, -0.403938
ASN89, ARG129, -0.403172
ARG125, GLY266, -0.466184
ASN127, MET221, -0.417950
ASN127, THR277, -0.426752
TRP128, THR277, -0.421077
ASN131, THR183, 0.403721
ASN131, THR277, -0.403653
LEU132, CYS223, -0.403351
LEU132, TRP263, 0.403195
LEU132, GLY274, -0.407566
LEU132, PHE275, -0.410459
LEU132, TYR276, -0.448182
LEU132, THR277, -0.504782
LEU132, HIS278, -0.417686
ASP133, MET221, -0.413915
ASP133, CYS223, -0.421827
ASP133, THR277, -0.461913
ALA168, ASP268, -0.449951
ALA168, ARG269, -0.451092
ALA168, ASP270, -0.456717
GLY169, ALA236, -0.432302
GLY169, ASP268, -0.492432
GLY169, ARG269, -0.475949
GLY169, ASP270, -0.476238
TYR170, ALA236, -0.424801
TYR170, ASP268, -0.487247
TYR170, ARG269, -0.427388
TYR170, ASP270, -0.419993
LYS171, ASP235, -0.412193
LYS171, ALA236, -0.442706
LYS171, ASP268, -0.506466
LYS171, ARG269, -0.439282
LYS171, ASP270, -0.427277
ASN179, GLU182, 0.421492
ASN179, ASP235, -0.452554
ASN179, ALA236, -0.460962
ASN179, ASP268, -0.400554
LEU180, ALA236, -0.438862
LEU180, CYS267, -0.489055
LEU180, ASP268, -0.580247
LEU180, ARG269, -0.506101
GLU182, PRO202, 0.418748
GLU182, ILE203, 0.474101
GLU182, VAL204, 0.483505
GLU182, GLU205, 0.448740
GLU182, PRO207, 0.406243
GLU182, ASN220, 0.400072
GLU182, MET221, 0.431203
GLU182, PHE222, 0.446870
GLU182, CYS223, 0.507434
GLU182, ALA224, 0.492381
GLU182, GLY225, 0.462363
GLU182, ASP268, -0.443116
GLU182, ARG269, -0.521161
GLU182, TYR273, 0.470944
GLU182, GLY274, 0.512023
GLU182, PHE275, 0.520330
THR183, ASN187, -0.427821
THR183, VAL188, -0.448138
THR183, GLY189, -0.411924
THR183, ALA224, 0.405131
THR183, GLY274, 0.425768
THR183, PHE275, 0.481815
ASN200, ASP268, -0.414832
LEU201, ARG233, -0.452549
LEU201, ASP235, -0.490382
LEU201, ALA236, -0.508151
LEU201, CYS237, -0.401952
LEU201, CYS267, -0.410722
LEU201, ASP268, -0.575020
LEU201, ARG269, -0.531088
LEU201, ASP270, -0.510817
PRO202, ARG233, -0.474419
PRO202, ASP235, -0.491665
PRO202, ALA236, -0.521368
PRO202, ASP268, -0.621702
PRO202, ARG269, -0.580724
PRO202, ASP270, -0.565563
ILE203, ARG233, -0.480061
ILE203, ASP235, -0.485082
ILE203, ALA236, -0.539426
ILE203, CYS237, -0.401384
ILE203, CYS267, -0.421137
ILE203, ASP268, -0.652595
ILE203, ARG269, -0.618288
ILE203, ASP270, -0.604749
ILE203, GLY271, -0.457613
VAL204, ARG233, -0.486630
VAL204, ASP235, -0.467184
VAL204, ALA236, -0.521838
VAL204, ASP268, -0.655857
VAL204, ARG269, -0.655147
VAL204, ASP270, -0.644916
VAL204, GLY271, -0.497460
GLU205, ARG233, -0.415800
GLU205, ASP235, -0.400335
GLU205, ALA236, -0.449827
GLU205, ASP268, -0.546589
GLU205, ARG269, -0.560073
GLU205, ASP270, -0.559025
GLU205, GLY271, -0.437666
ARG206, ALA236, -0.436404
ARG206, ASP268, -0.523703
ARG206, ARG269, -0.566108
ARG206, ASP270, -0.575247
ARG206, GLY271, -0.451073
PRO207, ALA236, -0.410183
PRO207, ASP268, -0.536524
PRO207, ARG269, -0.537389
PRO207, ASP270, -0.534134
PRO207, GLY271, -0.442519
VAL208, ASP268, -0.528820
VAL208, ARG269, -0.493094
VAL208, ASP270, -0.490065
VAL208, GLY271, -0.402703
CYS209, ASP268, -0.537598
CYS209, ARG269, -0.545787
CYS209, ASP270, -0.551783
CYS209, GLY271, -0.454528
LYS210, ASP268, -0.557802
LYS210, ARG269, -0.554114
LYS210, ASP270, -0.549783
LYS210, GLY271, -0.500099
ASP211, ASP268, -0.469491
ASP211, ARG269, -0.426933
ASP211, ASP270, -0.434055
ASP211, GLY271, -0.410226
THR213, ASP268, -0.538969
THR213, ARG269, -0.435682
ILE217, THR277, 0.431236
THR218, GLU238, -0.418341
THR218, GLY264, -0.437668
THR218, CYS267, -0.473103
THR218, GLY271, -0.503306
THR218, THR277, 0.416193
ASP219, GLU238, -0.425890
ASP219, CYS267, -0.437976
ASN220, GLY264, -0.405364
ASN220, CYS267, -0.453454
ASN220, GLY271, -0.494372
MET221, CYS237, -0.412189
MET221, GLU238, -0.432125
MET221, GLY264, -0.478302
MET221, CYS267, -0.519980
MET221, ASP268, -0.445146
MET221, ARG269, -0.437942
MET221, ASP270, -0.426976
MET221, GLY271, -0.579644
PHE222, ALA236, -0.473692
PHE222, CYS237, -0.436710
PHE222, CYS267, -0.512353
PHE222, ASP268, -0.565055
PHE222, ARG269, -0.539172
PHE222, ASP270, -0.513222
PHE222, GLY271, -0.570449
CYS223, ARG233, -0.475992
CYS223, ASP235, -0.437299
CYS223, ALA236, -0.529536
CYS223, CYS237, -0.436292
CYS223, CYS267, -0.521409
CYS223, ASP268, -0.695783
CYS223, ARG269, -0.629819
CYS223, ASP270, -0.596394
CYS223, GLY271, -0.550419
ALA224, ARG233, -0.481295
ALA224, ASP235, -0.471516
ALA224, ALA236, -0.543135
ALA224, CYS237, -0.436501
ALA224, CYS267, -0.510073
ALA224, ASP268, -0.695150
ALA224, ARG269, -0.646499
ALA224, ASP270, -0.610331
ALA224, GLY271, -0.538464
GLY225, ARG233, -0.491100
GLY225, ASP235, -0.474514
GLY225, ALA236, -0.518933
GLY225, CYS267, -0.452076
GLY225, ASP268, -0.682051
GLY225, ARG269, -0.636477
GLY225, ASP270, -0.611860
GLY225, GLY271, -0.477860
TYR226, ARG233, -0.416245
TYR226, ASP268, -0.535653
TYR226, ARG269, -0.516731
TYR226, ASP270, -0.513831
ARG233, TYR273, -0.428393
ARG233, GLY274, -0.469682
ARG233, PHE275, -0.430029
ASP235, GLY274, -0.448899
ALA236, ASP270, 0.415176
ALA236, TYR273, -0.405975
ALA236, GLY274, -0.537720
ALA236, PHE275, -0.471404
CYS237, GLY271, 0.442954
CYS237, GLY274, -0.405597
CYS237, PHE275, -0.415461
CYS237, THR277, -0.401178
GLU238, GLY271, 0.519321
GLU238, TYR276, -0.475094
GLU238, THR277, -0.533625
SER262, THR277, -0.445759
TRP263, PHE275, -0.469024
TRP263, TYR276, -0.418991
TRP263, THR277, -0.485763
GLY264, GLY271, 0.428494
GLY264, PHE275, -0.503131
GLY264, TYR276, -0.541341
GLY264, THR277, -0.633141
GLU265, THR277, -0.411148
GLY266, CYS267, -0.446894
GLY266, ASP268, -0.654144
GLY266, ARG269, -0.404039
GLY266, GLN292, -0.434087
CYS267, GLY274, -0.491764
CYS267, PHE275, -0.463317
CYS267, TYR276, -0.405110
CYS267, THR277, -0.401261
ASP268, LYS272, -0.434504
ASP268, TYR273, -0.609565
ASP268, GLY274, -0.716869
ASP268, PHE275, -0.572195
ARG269, LYS272, -0.459248
ARG269, TYR273, -0.612089
ARG269, GLY274, -0.642029
ARG269, PHE275, -0.587203
ASP270, LYS272, -0.416125
ASP270, TYR273, -0.586715
ASP270, GLY274, -0.592666
ASP270, PHE275, -0.585061
GLY271, TYR273, -0.485497
GLY271, GLY274, -0.522280
GLY271, PHE275, -0.650986
GLY271, TYR276, -0.587959
GLY271, THR277, -0.619707
GLY271, HIS278, -0.458367
